Pharmacy Chain Distributor Across Europe;;;;
;;;;
Tables:;;;;
DimDate: 731 rows (PK: DateKey);;;;
DimPharmacy: 120 rows (PK: PharmacyID);;;;
DimProduct: 220 rows (PK: ProductID);;;;
"FactSales: 62,139 rows (PK: SalesID; FKs: DateKey, PharmacyID, ProductID)";;;;
;;;;
Recommended Power BI relationships (single direction):;;;;
DimDate[DateKey] 1 → * FactSales[DateKey];;;;
DimPharmacy[PharmacyID] 1 → * FactSales[PharmacyID];;;;
DimProduct[ProductID] 1 → * FactSales[ProductID];;;;
;;;;
Hierarchies:;;;;
Geography: Country → Region → City → PharmacyName;;;;
Product: Category → Brand → ProductName;;;;
Time: Year → Quarter → MonthName → Date;;;;
;;;;
Notes:;;;;
• Coordinates are WGS84 (Latitude/Longitude) with slight jitter per pharmacy for mapping.;;;;
• MarginEUR is always RevenueEUR - CostEUR (rounded to 2 decimals).;;;;
"• Some pharmacies opened during the 2024–2025 period; they have no sales before OpenDate.";;;;
"• Some products are discontinued; they have no sales after DiscontinuedDate.";;;;
;;;;
Data Dictionary;;;;